-- MySQL dump 10.13  Distrib 8.0.40, for Win64 (x86_64)
--
-- Host: localhost    Database: heladeria
-- ------------------------------------------------------
-- Server version	8.0.40

/*!40101 SET @OLD_CHARACTER_SET_CLIENT=@@CHARACTER_SET_CLIENT */;
/*!40101 SET @OLD_CHARACTER_SET_RESULTS=@@CHARACTER_SET_RESULTS */;
/*!40101 SET @OLD_COLLATION_CONNECTION=@@COLLATION_CONNECTION */;
/*!50503 SET NAMES utf8 */;
/*!40103 SET @OLD_TIME_ZONE=@@TIME_ZONE */;
/*!40103 SET TIME_ZONE='+00:00' */;
/*!40014 SET @OLD_UNIQUE_CHECKS=@@UNIQUE_CHECKS, UNIQUE_CHECKS=0 */;
/*!40014 SET @OLD_FOREIGN_KEY_CHECKS=@@FOREIGN_KEY_CHECKS, FOREIGN_KEY_CHECKS=0 */;
/*!40101 SET @OLD_SQL_MODE=@@SQL_MODE, SQL_MODE='NO_AUTO_VALUE_ON_ZERO' */;
/*!40111 SET @OLD_SQL_NOTES=@@SQL_NOTES, SQL_NOTES=0 */;

--
-- Table structure for table `ingredientes`
--

DROP TABLE IF EXISTS `ingredientes`;
/*!40101 SET @saved_cs_client     = @@character_set_client */;
/*!50503 SET character_set_client = utf8mb4 */;
CREATE TABLE `ingredientes` (
  `id` int NOT NULL AUTO_INCREMENT,
  `nombre` varchar(50) NOT NULL,
  `precio` float NOT NULL,
  `calorias` int NOT NULL,
  `inventario` int NOT NULL,
  `es_vegetariano` tinyint(1) NOT NULL,
  `tipo` varchar(20) NOT NULL,
  PRIMARY KEY (`id`)
) ENGINE=InnoDB AUTO_INCREMENT=7 DEFAULT CHARSET=utf8mb4 COLLATE=utf8mb4_0900_ai_ci;
/*!40101 SET character_set_client = @saved_cs_client */;

--
-- Dumping data for table `ingredientes`
--

LOCK TABLES `ingredientes` WRITE;
/*!40000 ALTER TABLE `ingredientes` DISABLE KEYS */;
INSERT INTO `ingredientes` VALUES (1,'Helado de Fresa',1200,200,4,1,'base'),(2,'Chispas de Chocolate',500,150,10,0,'complemento'),(3,'Maní Japonés',900,300,10,0,'complemento'),(4,'Helado de Vainilla',1100,180,5,1,'base'),(5,'Crema Chantilly',700,250,10,0,'complemento'),(6,'Salsa Chicle',1200,20,10,0,'complemento');
/*!40000 ALTER TABLE `ingredientes` ENABLE KEYS */;
UNLOCK TABLES;

--
-- Table structure for table `producto_ingrediente`
--

DROP TABLE IF EXISTS `producto_ingrediente`;
/*!40101 SET @saved_cs_client     = @@character_set_client */;
/*!50503 SET character_set_client = utf8mb4 */;
CREATE TABLE `producto_ingrediente` (
  `producto_id` int NOT NULL,
  `ingrediente_id` int NOT NULL,
  PRIMARY KEY (`producto_id`,`ingrediente_id`),
  KEY `ingrediente_id` (`ingrediente_id`),
  CONSTRAINT `producto_ingrediente_ibfk_1` FOREIGN KEY (`producto_id`) REFERENCES `productos` (`id`) ON DELETE CASCADE,
  CONSTRAINT `producto_ingrediente_ibfk_2` FOREIGN KEY (`ingrediente_id`) REFERENCES `ingredientes` (`id`) ON DELETE CASCADE
) ENGINE=InnoDB DEFAULT CHARSET=utf8mb4 COLLATE=utf8mb4_0900_ai_ci;
/*!40101 SET character_set_client = @saved_cs_client */;

--
-- Dumping data for table `producto_ingrediente`
--

LOCK TABLES `producto_ingrediente` WRITE;
/*!40000 ALTER TABLE `producto_ingrediente` DISABLE KEYS */;
INSERT INTO `producto_ingrediente` VALUES (1,1),(4,1),(6,1),(1,2),(2,2),(4,2),(6,2),(1,3),(4,3),(6,3),(2,4);
/*!40000 ALTER TABLE `producto_ingrediente` ENABLE KEYS */;
UNLOCK TABLES;

--
-- Table structure for table `productos`
--

DROP TABLE IF EXISTS `productos`;
/*!40101 SET @saved_cs_client     = @@character_set_client */;
/*!50503 SET character_set_client = utf8mb4 */;
CREATE TABLE `productos` (
  `id` int NOT NULL AUTO_INCREMENT,
  `nombre` varchar(50) NOT NULL,
  `precio_publico` float NOT NULL,
  `tipo` varchar(50) NOT NULL,
  PRIMARY KEY (`id`)
) ENGINE=InnoDB AUTO_INCREMENT=7 DEFAULT CHARSET=utf8mb4 COLLATE=utf8mb4_0900_ai_ci;
/*!40101 SET character_set_client = @saved_cs_client */;

--
-- Dumping data for table `productos`
--

LOCK TABLES `productos` WRITE;
/*!40000 ALTER TABLE `productos` DISABLE KEYS */;
INSERT INTO `productos` VALUES (1,'Copa de Fresa',9500,'copa'),(2,'Malteada Chocoespacial',9500,'malteada'),(4,'La Maravilla',20000,'malteada'),(6,'La Remolino',102000,'copa');
/*!40000 ALTER TABLE `productos` ENABLE KEYS */;
UNLOCK TABLES;

--
-- Table structure for table `ventas_totales`
--

DROP TABLE IF EXISTS `ventas_totales`;
/*!40101 SET @saved_cs_client     = @@character_set_client */;
/*!50503 SET character_set_client = utf8mb4 */;
CREATE TABLE `ventas_totales` (
  `id` int NOT NULL AUTO_INCREMENT,
  `acumulado` float NOT NULL,
  PRIMARY KEY (`id`)
) ENGINE=InnoDB AUTO_INCREMENT=2 DEFAULT CHARSET=utf8mb4 COLLATE=utf8mb4_0900_ai_ci;
/*!40101 SET character_set_client = @saved_cs_client */;

--
-- Dumping data for table `ventas_totales`
--

LOCK TABLES `ventas_totales` WRITE;
/*!40000 ALTER TABLE `ventas_totales` DISABLE KEYS */;
/*!40000 ALTER TABLE `ventas_totales` ENABLE KEYS */;
UNLOCK TABLES;
/*!40103 SET TIME_ZONE=@OLD_TIME_ZONE */;

/*!40101 SET SQL_MODE=@OLD_SQL_MODE */;
/*!40014 SET FOREIGN_KEY_CHECKS=@OLD_FOREIGN_KEY_CHECKS */;
/*!40014 SET UNIQUE_CHECKS=@OLD_UNIQUE_CHECKS */;
/*!40101 SET CHARACTER_SET_CLIENT=@OLD_CHARACTER_SET_CLIENT */;
/*!40101 SET CHARACTER_SET_RESULTS=@OLD_CHARACTER_SET_RESULTS */;
/*!40101 SET COLLATION_CONNECTION=@OLD_COLLATION_CONNECTION */;
/*!40111 SET SQL_NOTES=@OLD_SQL_NOTES */;

-- Dump completed on 2024-11-18 21:45:52
